<?xml version="1.0" encoding="UTF-8"?>
    <addon id="repository.termirepo" name="Termi repo" version="1.0.0" provider-name="Terminator">
        <requires>
            <import addon="xbmc.addon" version="12.0.0"/>
        </requires>
        <extension point="xbmc.addon.repository" name="Termi repo">
            <info compressed="false">https://raw.githubusercontent.com/termi9525/termirepo/master/zips/addons.xml</info>
            <checksum>https://raw.githubusercontent.com/termi9525/termirepo/master/zips/addons.xml.md5</checksum>
            <datadir zip="true">https://raw.githubusercontent.com/termi9525/termirepo/master/zips/</datadir>
        </extension>
        <extension point="xbmc.addon.metadata">
            <summary>Termi repo by terminator</summary>
            <description>Offical terminator repo</description>
            <platform>all</platform>
			<news>
			v1.0.0
			</news>
    </extension>
</addon>